{"cameraMode":{"drawMode":0,"name":"Shaded","section":"Shading Mode"},"sceneLighting":false,"audioPlay":false,"sceneViewState":{"showFog":true,"showMaterialUpdate":false,"showSkybox":false,"showFlares":true,"showImageEffects":true,"showParticleSystems":true},"in2DMode":false,"pivot":{"x":-2.9449920654296877,"y":2.5989999771118166,"z":4.165713310241699},"rotation":{"x":-0.13930059969425202,"y":-0.027626562863588334,"z":0.003887955332174897,"w":-0.9898584485054016},"size":3.7770230770111086,"orthographic":false}